{
  "wApzrzmwa0I": {
    "user_name": "Jake Nackos",
    "user_url": "https://unsplash.com/@jakenackos?utm_source=unsample&utm_medium=referral&utm_campaign=api-credit",
    "photo_url": "https://unsplash.com/photos/wApzrzmwa0I?utm_source=unsample&utm_medium=referral&utm_campaign=api-credit"
  },
  "dd7C3_k5gnk": {
    "user_name": "Mael BALLAND",
    "user_url": "https://unsplash.com/@mael_bld?utm_source=unsample&utm_medium=referral&utm_campaign=api-credit",
    "photo_url": "https://unsplash.com/photos/dd7C3_k5gnk?utm_source=unsample&utm_medium=referral&utm_campaign=api-credit"
  },
  "tSho4oJXvfs": {
    "user_name": "Francisco Delgado",
    "user_url": "https://unsplash.com/@fdelgado?utm_source=unsample&utm_medium=referral&utm_campaign=api-credit",
    "photo_url": "https://unsplash.com/photos/tSho4oJXvfs?utm_source=unsample&utm_medium=referral&utm_campaign=api-credit"
  },
  "e0y06kkszX0": {
    "user_name": "Andre Tan",
    "user_url": "https://unsplash.com/@andredantan19?utm_source=unsample&utm_medium=referral&utm_campaign=api-credit",
    "photo_url": "https://unsplash.com/photos/e0y06kkszX0?utm_source=unsample&utm_medium=referral&utm_campaign=api-credit"
  },
  "ALdgEFRqvzw": {
    "user_name": "Erik Mclean",
    "user_url": "https://unsplash.com/@introspectivedsgn?utm_source=unsample&utm_medium=referral&utm_campaign=api-credit",
    "photo_url": "https://unsplash.com/photos/ALdgEFRqvzw?utm_source=unsample&utm_medium=referral&utm_campaign=api-credit"
  },
  "CRFbufYUgW0": {
    "user_name": "Daniel Zamorano",
    "user_url": "https://unsplash.com/@danielzm?utm_source=unsample&utm_medium=referral&utm_campaign=api-credit",
    "photo_url": "https://unsplash.com/photos/CRFbufYUgW0?utm_source=unsample&utm_medium=referral&utm_campaign=api-credit"
  },
  "5D_xJ1MJg6A": {
    "user_name": "Jake Nackos",
    "user_url": "https://unsplash.com/@jakenackos?utm_source=unsample&utm_medium=referral&utm_campaign=api-credit",
    "photo_url": "https://unsplash.com/photos/5D_xJ1MJg6A?utm_source=unsample&utm_medium=referral&utm_campaign=api-credit"
  },
  "wTOdZneyaaE": {
    "user_name": "Bobby Stevenson",
    "user_url": "https://unsplash.com/@bobbystevenson?utm_source=unsample&utm_medium=referral&utm_campaign=api-credit",
    "photo_url": "https://unsplash.com/photos/wTOdZneyaaE?utm_source=unsample&utm_medium=referral&utm_campaign=api-credit"
  },
  "Duv07nzBO9g": {
    "user_name": "David Billings",
    "user_url": "https://unsplash.com/@dav_billings?utm_source=unsample&utm_medium=referral&utm_campaign=api-credit",
    "photo_url": "https://unsplash.com/photos/Duv07nzBO9g?utm_source=unsample&utm_medium=referral&utm_campaign=api-credit"
  },
  "TDj92DZyiJI": {
    "user_name": "Patrick Hendry",
    "user_url": "https://unsplash.com/@worldsbetweenlines?utm_source=unsample&utm_medium=referral&utm_campaign=api-credit",
    "photo_url": "https://unsplash.com/photos/TDj92DZyiJI?utm_source=unsample&utm_medium=referral&utm_campaign=api-credit"
  }
}